{
  "baseline": {
    "3d_dice": [0.9982866, 0.39745635, 0.8447362, 0.79888344, 0.7679946],
    "3d_hd95": [2.14517, 15.819821, 14.6573715, 7.9230247, 11.981054]
  },
  "focal": {
    "3d_dice": [0.99813116, 0.4779625, 0.81773204, 0.760808, 0.7434875],
    "3d_hd95": [2.2846394, 11.619197, 13.780869, 15.611722, 23.626148]
  },
  "combo_dice_cross": {
    "3d_dice": [0.99831486, 0.48442307, 0.8475994, 0.7980918, 0.8105707],
    "3d_hd95": [1.9021927, 11.467612, 13.113737, 10.158118, 22.051636]
  },
  "combo_focal_dice": {
    "3d_dice": [0.99836797, 0.45685706, 0.86082184, 0.7964606, 0.7955221],
    "3d_hd95": [2.0125551, 21.382563, 17.812788, 45.73749, 16.166477]
  },
  "combo_focal_cross": {
    "3d_dice": [0.9983529, 0.42122668, 0.8646072, 0.7647018, 0.7670421],
    "3d_hd95": [2.1797988, 14.059573, 27.5392, 10.585418, 16.896355]
  }
}
